{
    "hp": {
        "current": 1673,
        "max": 1673
    },
    "skills": {
        "hacking": 5841,
        "strength": 57029,
        "defense": 16633,
        "dexterity": 4033,
        "agility": 3704,
        "charisma": 562,
        "intelligence": 131
    },
    "exp": {
        "hacking": 6306547168.798582,
        "strength": 19252.523118057416,
        "defense": 19252.523118057416,
        "dexterity": 23072.37079673179,
        "agility": 20392.56086679048,
        "charisma": 49282.47714990602,
        "intelligence": 31174.22579090549
    },
    "mults": {
        "hacking_chance": 10.093642492618478,
        "hacking_speed": 7.119386851545749,
        "hacking_money": 85.57741337246084,
        "hacking_grow": 16.417038247256812,
        "hacking": 31.97072989048121,
        "strength": 1223.0740878631073,
        "defense": 356.72533581954497,
        "dexterity": 82.51257500899894,
        "agility": 78.23524550966418,
        "charisma": 9.626716514630349,
        "hacking_exp": 29.52648225497496,
        "strength_exp": 7.915918652871277,
        "defense_exp": 7.915918652871277,
        "dexterity_exp": 9.103306450801966,
        "agility_exp": 7.915918652871277,
        "charisma_exp": 10.23718263863925,
        "company_rep": 15.249136638806387,
        "faction_rep": 4.616334162445548,
        "crime_money": 5.435900734763782,
        "crime_success": 2.5597820182432796,
        "hacknet_node_money": 1.962997428901064,
        "hacknet_node_purchase_cost": 0.4892517870171918,
        "hacknet_node_ram_cost": 0.4892517870171918,
        "hacknet_node_core_cost": 0.4892517870171918,
        "hacknet_node_level_cost": 0.4892517870171918,
        "work_money": 5.249113229605341,
        "bladeburner_max_stamina": 0.98,
        "bladeburner_stamina_gain": 0.98,
        "bladeburner_analysis": 0.98,
        "bladeburner_success_chance": 0.98
    },
    "city": "Sector-12",
    "numPeopleKilled": 0,
    "money": 918802830029097000,
    "location": "ECorp",
    "totalPlaytime": 5236101200,
    "jobs": {
        "Bachman & Associates": "Software Engineering Intern",
        "NWO": "Software Engineering Intern",
        "OmniTek Incorporated": "Software Engineering Intern",
        "Blade Industries": "Software Engineering Intern",
        "ECorp": "Software Engineering Intern"
    },
    "factions": [
        "Illuminati",
        "Daedalus",
        "The Covenant",
        "ECorp",
        "Bachman & Associates",
        "Blade Industries",
        "NWO",
        "OmniTek Incorporated",
        "BitRunners",
        "The Black Hand",
        "NiteSec",
        "Sector-12",
        "The Syndicate",
        "Tetrads",
        "Slum Snakes",
        "Tian Di Hui",
        "CyberSec"
    ],
    "entropy": 1,
    "playtimeSinceLastAug": 2387400,
    "playtimeSinceLastBitnode": 226053000,
    "bitNodeN": 10,
    "inGang": false,
    "work": {
        "type": "CLASS",
        "cyclesWorked": 10866,
        "classType": "Algorithms",
        "location": "Rothman University"
    },
    "priorities": [
        {
            "actionName": "StudyComputerScience",
            "what": "Computer Science",
            "goalSkill": 25,
            "priority": 0,
            "script": "study"
        },
        {
            "actionName": "CreateEarlyPrograms",
            "priority": 1,
            "script": "create-programs"
        },
        {
            "actionName": "DoCrime",
            "do": true,
            "priority": 10,
            "script": "crime"
        }
    ],
    "updated": "8/11/2023, 7:34:42 AM"
}