{
    "hp": {
        "current": 10,
        "max": 10
    },
    "skills": {
        "hacking": 5228,
        "strength": 5,
        "defense": 6,
        "dexterity": 3,
        "agility": 3,
        "charisma": 2,
        "intelligence": 0
    },
    "exp": {
        "hacking": 5537087450.122801,
        "strength": 0,
        "defense": 0,
        "dexterity": 0,
        "agility": 0,
        "charisma": 0,
        "intelligence": 0
    },
    "mults": {
        "hacking_chance": 4.60854736836892,
        "hacking_speed": 3.944859298292367,
        "hacking_money": 22.20049331895451,
        "hacking_grow": 5.293558220186393,
        "hacking": 10.094959395877149,
        "strength": 5.426653398293939,
        "defense": 6.920949261592274,
        "dexterity": 3.857098261556617,
        "agility": 3.8113619185342045,
        "charisma": 2.9038947950736786,
        "hacking_exp": 16.915964737172047,
        "strength_exp": 3.0611890964735045,
        "defense_exp": 3.0611890964735045,
        "dexterity_exp": 3.0611890964735045,
        "agility_exp": 3.0611890964735045,
        "charisma_exp": 3.0611890964735045,
        "company_rep": 3.673426915768204,
        "faction_rep": 3.0611890964735022,
        "crime_money": 2.4199123292280675,
        "crime_success": 2.4199123292280675,
        "hacknet_node_money": 6.103245761094051,
        "hacknet_node_purchase_cost": 0.3161271550048375,
        "hacknet_node_ram_cost": 0.4132381111174347,
        "hacknet_node_core_cost": 0.4132381111174347,
        "hacknet_node_level_cost": 0.3512523944498194,
        "work_money": 2.661903562150874,
        "bladeburner_max_stamina": 1,
        "bladeburner_stamina_gain": 1,
        "bladeburner_analysis": 1,
        "bladeburner_success_chance": 1
    },
    "city": "Sector-12",
    "numPeopleKilled": 0,
    "money": 121656797023139.72,
    "location": "Alpha Enterprises",
    "totalPlaytime": 1862713800,
    "jobs": {},
    "factions": [
        "Daedalus",
        "BitRunners",
        "The Black Hand",
        "NiteSec",
        "Netburners",
        "CyberSec"
    ],
    "entropy": 0,
    "playtimeSinceLastAug": 10337400,
    "playtimeSinceLastBitnode": 317655600,
    "bitNodeN": 4
}