{
    "hp": {
        "current": 16,
        "max": 16
    },
    "skills": {
        "hacking": 1,
        "strength": 106,
        "defense": 69,
        "dexterity": 80,
        "agility": 71,
        "charisma": 1,
        "intelligence": 102
    },
    "exp": {
        "hacking": 0,
        "strength": 162179.32500000694,
        "defense": 21498.674999997846,
        "dexterity": 32375.77749999507,
        "agility": 16577.192500000227,
        "charisma": 0,
        "intelligence": 12318.635170155061
    },
    "mults": {
        "hacking_chance": 1.7174125784955077,
        "hacking_speed": 1.719709755913237,
        "hacking_money": 1.7914054106755866,
        "hacking_grow": 1.838137725736689,
        "hacking": 2.3363205338051167,
        "strength": 1.4423554031204402,
        "defense": 1.4423554031204402,
        "dexterity": 1.514473173276462,
        "agility": 1.5901968319402853,
        "charisma": 1.8087136755130322,
        "hacking_exp": 4.1640099142772335,
        "strength_exp": 1.8245795849473563,
        "defense_exp": 1.8245795849473563,
        "dexterity_exp": 1.8245795849473563,
        "agility_exp": 1.8245795849473563,
        "charisma_exp": 1.8245795849473563,
        "company_rep": 2.408445052130511,
        "faction_rep": 1.8245795849473567,
        "crime_money": 1.5865909434324843,
        "crime_success": 1.4423554031204402,
        "hacknet_node_money": 1.4423554031204402,
        "hacknet_node_purchase_cost": 0.6933103989741822,
        "hacknet_node_ram_cost": 0.6933103989741822,
        "hacknet_node_core_cost": 0.6933103989741822,
        "hacknet_node_level_cost": 0.6933103989741822,
        "work_money": 1.808713675513032,
        "bladeburner_max_stamina": 1,
        "bladeburner_stamina_gain": 1,
        "bladeburner_analysis": 1,
        "bladeburner_success_chance": 1
    },
    "city": "Chongqing",
    "numPeopleKilled": 0,
    "money": 1520494041943.2385,
    "location": "ECorp",
    "totalPlaytime": 4977978800,
    "jobs": {},
    "factions": [
        "Aevum",
        "Sector-12",
        "Slum Snakes"
    ],
    "entropy": 0,
    "playtimeSinceLastAug": 39181400,
    "playtimeSinceLastBitnode": 173373800,
    "bitNodeN": 10
}