{
    "stockMarketReserveMoneyLimit": 1000000000000,
    "capitalToReserveForTrading": 1515610533.4183292,
    "moneyInvested": 2978033044.352037,
    "moneyRequested": {},
    "countOfVisitedWithoutFillingRequest": 0
}