{
    "stockMarketReserveMoneyLimit": 1000000000000,
    "capitalToReserveForTrading": 786491935.2483177,
    "moneyInvested": 1024636133.2858641,
    "moneyRequested": [],
    "countOfVisitedWithoutFillingRequest": 0
}